PDE,Filename,URL,Path,MD5
NS_Incom,ns_incom_inhom_2d_512-152.h5,https://darus.uni-stuttgart.de/api/access/datafile/133603,2D/NS_incom/,0023490cb7c00a4a75f9a252af9be71c
NS_Incom,ns_incom_inhom_2d_512-153.h5,https://darus.uni-stuttgart.de/api/access/datafile/133594,2D/NS_incom/,669788ec079a3e695b68821c17d79a26
NS_Incom,ns_incom_inhom_2d_512-154.h5,https://darus.uni-stuttgart.de/api/access/datafile/133604,2D/NS_incom/,547cfa5abca50bcd927630b8264d6876
NS_Incom,ns_incom_inhom_2d_512-155.h5,https://darus.uni-stuttgart.de/api/access/datafile/133605,2D/NS_incom/,f28fcf6d99c0d1f1bb08a82be94114eb
NS_Incom,ns_incom_inhom_2d_512-156.h5,https://darus.uni-stuttgart.de/api/access/datafile/133606,2D/NS_incom/,8c52c6258bdbbc7c4fe1cb7892b5bd23
NS_Incom,ns_incom_inhom_2d_512-157.h5,https://darus.uni-stuttgart.de/api/access/datafile/133607,2D/NS_incom/,91f4ab6bd4eef91ab43908290539bdab
NS_Incom,ns_incom_inhom_2d_512-158.h5,https://darus.uni-stuttgart.de/api/access/datafile/133321,2D/NS_incom/,299521efb9f871919b003e86d0e8d628
NS_Incom,ns_incom_inhom_2d_512-159.h5,https://darus.uni-stuttgart.de/api/access/datafile/133608,2D/NS_incom/,54b54c80708366c74d4aee82688be26e
NS_Incom,ns_incom_inhom_2d_512-160.h5,https://darus.uni-stuttgart.de/api/access/datafile/133610,2D/NS_incom/,e90d31aff2172f508846473126c78947
NS_Incom,ns_incom_inhom_2d_512-161.h5,https://darus.uni-stuttgart.de/api/access/datafile/133611,2D/NS_incom/,24b4b52f0a03dc52f7159ef10652c40a
NS_Incom,ns_incom_inhom_2d_512-162.h5,https://darus.uni-stuttgart.de/api/access/datafile/133683,2D/NS_incom/,87d592f2be6a76751b2b36e8bf0d0a88
NS_Incom,ns_incom_inhom_2d_512-163.h5,https://darus.uni-stuttgart.de/api/access/datafile/133612,2D/NS_incom/,2acf733c2833fb815487271bbb5ce66f
NS_Incom,ns_incom_inhom_2d_512-164.h5,https://darus.uni-stuttgart.de/api/access/datafile/136435,2D/NS_incom/,8470816b05ecbabd2ec6036f346d4d79
NS_Incom,ns_incom_inhom_2d_512-165.h5,https://darus.uni-stuttgart.de/api/access/datafile/133685,2D/NS_incom/,61d677b1edd03987c26648d7d136672d
NS_Incom,ns_incom_inhom_2d_512-166.h5,https://darus.uni-stuttgart.de/api/access/datafile/133308,2D/NS_incom/,4f1dd0e87f4ad925dc82444da4df7d3a
NS_Incom,ns_incom_inhom_2d_512-167.h5,https://darus.uni-stuttgart.de/api/access/datafile/133684,2D/NS_incom/,8e90f2ab307a6c5f8a2e1a3befa02d8f
NS_Incom,ns_incom_inhom_2d_512-168.h5,https://darus.uni-stuttgart.de/api/access/datafile/133701,2D/NS_incom/,1f8ef01efadb38eb638c383e242d9511
NS_Incom,ns_incom_inhom_2d_512-169.h5,https://darus.uni-stuttgart.de/api/access/datafile/133310,2D/NS_incom/,d2ae69de21cb38a24dbc174f34afeb70
NS_Incom,ns_incom_inhom_2d_512-170.h5,https://darus.uni-stuttgart.de/api/access/datafile/133312,2D/NS_incom/,d7f9e313387dfb3efc356c1d5606ebc3
NS_Incom,ns_incom_inhom_2d_512-171.h5,https://darus.uni-stuttgart.de/api/access/datafile/133679,2D/NS_incom/,f6ade3872e3e0db0d6b8af4cc9fd7ed6
NS_Incom,ns_incom_inhom_2d_512-172.h5,https://darus.uni-stuttgart.de/api/access/datafile/133314,2D/NS_incom/,986851271af43e55264a8db4229b2049
NS_Incom,ns_incom_inhom_2d_512-173.h5,https://darus.uni-stuttgart.de/api/access/datafile/133315,2D/NS_incom/,e064a3b043136572de413744f470e795
NS_Incom,ns_incom_inhom_2d_512-174.h5,https://darus.uni-stuttgart.de/api/access/datafile/133316,2D/NS_incom/,d4906a07e5e94b6e147570613205d19d
NS_Incom,ns_incom_inhom_2d_512-175.h5,https://darus.uni-stuttgart.de/api/access/datafile/133317,2D/NS_incom/,7d7230752c444c2570396927e9f9b4bf
NS_Incom,ns_incom_inhom_2d_512-176.h5,https://darus.uni-stuttgart.de/api/access/datafile/133319,2D/NS_incom/,47a59095761d69cecc886ddb3027b556
NS_Incom,ns_incom_inhom_2d_512-177.h5,https://darus.uni-stuttgart.de/api/access/datafile/133320,2D/NS_incom/,979de8be5c402f6dc50060e92ca6245a
NS_Incom,ns_incom_inhom_2d_512-178.h5,https://darus.uni-stuttgart.de/api/access/datafile/133342,2D/NS_incom/,a72fc652b38b2dc0b0aa406bb35cd676
NS_Incom,ns_incom_inhom_2d_512-179.h5,https://darus.uni-stuttgart.de/api/access/datafile/133697,2D/NS_incom/,6dd8a78a85ad7c0e03daaabcb3826fdb
NS_Incom,ns_incom_inhom_2d_512-180.h5,https://darus.uni-stuttgart.de/api/access/datafile/133326,2D/NS_incom/,f9ffc612a7438dc17524818b48acb7ac
NS_Incom,ns_incom_inhom_2d_512-181.h5,https://darus.uni-stuttgart.de/api/access/datafile/133327,2D/NS_incom/,78ee160778aab06d0e88507944f661b4
NS_Incom,ns_incom_inhom_2d_512-182.h5,https://darus.uni-stuttgart.de/api/access/datafile/133328,2D/NS_incom/,e9a36056e3e9fe23937fbf65e0dfc16a
NS_Incom,ns_incom_inhom_2d_512-183.h5,https://darus.uni-stuttgart.de/api/access/datafile/133329,2D/NS_incom/,5107343596d93f8739b4f09926daeef7
NS_Incom,ns_incom_inhom_2d_512-184.h5,https://darus.uni-stuttgart.de/api/access/datafile/133330,2D/NS_incom/,f4a7aff84a03fff6e1958617abf373c4
NS_Incom,ns_incom_inhom_2d_512-185.h5,https://darus.uni-stuttgart.de/api/access/datafile/133331,2D/NS_incom/,f59cb88424414a28aad308499935619b
NS_Incom,ns_incom_inhom_2d_512-186.h5,https://darus.uni-stuttgart.de/api/access/datafile/133666,2D/NS_incom/,d9bc339d2d2047f8f6a369ad2e4e9357
NS_Incom,ns_incom_inhom_2d_512-187.h5,https://darus.uni-stuttgart.de/api/access/datafile/136436,2D/NS_incom/,4d0461fc34683816d5906d4809c84432
NS_Incom,ns_incom_inhom_2d_512-188.h5,https://darus.uni-stuttgart.de/api/access/datafile/133332,2D/NS_incom/,3565b7f3ab620c3716a25865670b98fb
NS_Incom,ns_incom_inhom_2d_512-189.h5,https://darus.uni-stuttgart.de/api/access/datafile/133668,2D/NS_incom/,d385ef198ae29ef5eff9aad6d129621a
NS_Incom,ns_incom_inhom_2d_512-190.h5,https://darus.uni-stuttgart.de/api/access/datafile/136438,2D/NS_incom/,2dce11f971c3561083d580f7299f3e02
NS_Incom,ns_incom_inhom_2d_512-191.h5,https://darus.uni-stuttgart.de/api/access/datafile/133663,2D/NS_incom/,fda967e4ca21881b00d5c67b984d4c78
NS_Incom,ns_incom_inhom_2d_512-192.h5,https://darus.uni-stuttgart.de/api/access/datafile/133664,2D/NS_incom/,85542754064fcab3675930ac607b68e0
NS_Incom,ns_incom_inhom_2d_512-193.h5,https://darus.uni-stuttgart.de/api/access/datafile/133371,2D/NS_incom/,2f67289963f5d9d3041acf67f45a38b7
NS_Incom,ns_incom_inhom_2d_512-194.h5,https://darus.uni-stuttgart.de/api/access/datafile/133669,2D/NS_incom/,609d2d5dbd19ccdb6cee8ab67df66c38
NS_Incom,ns_incom_inhom_2d_512-195.h5,https://darus.uni-stuttgart.de/api/access/datafile/133699,2D/NS_incom/,b39dbe9518dbc19da27345ce569489e4
NS_Incom,ns_incom_inhom_2d_512-196.h5,https://darus.uni-stuttgart.de/api/access/datafile/133665,2D/NS_incom/,fc636092ce4175b3d908d156db66deb8
NS_Incom,ns_incom_inhom_2d_512-197.h5,https://darus.uni-stuttgart.de/api/access/datafile/133702,2D/NS_incom/,0b3bd457d75ccb3120f649bcdb0089f2
NS_Incom,ns_incom_inhom_2d_512-198.h5,https://darus.uni-stuttgart.de/api/access/datafile/133368,2D/NS_incom/,526cce686110114720bc9d84eb8d16ee
NS_Incom,ns_incom_inhom_2d_512-199.h5,https://darus.uni-stuttgart.de/api/access/datafile/133667,2D/NS_incom/,123272aaaf52747c39e8c32b4955390b
NS_Incom,ns_incom_inhom_2d_512-200.h5,https://darus.uni-stuttgart.de/api/access/datafile/136440,2D/NS_incom/,621c5bdf211ab8aa6d586ede4b51c5a2
NS_Incom,ns_incom_inhom_2d_512-201.h5,https://darus.uni-stuttgart.de/api/access/datafile/133367,2D/NS_incom/,89b6667026a2f289b81e48b6d75ef4d6
NS_Incom,ns_incom_inhom_2d_512-202.h5,https://darus.uni-stuttgart.de/api/access/datafile/133661,2D/NS_incom/,a70f3e38089caec832075b7c3ce86744
NS_Incom,ns_incom_inhom_2d_512-203.h5,https://darus.uni-stuttgart.de/api/access/datafile/133660,2D/NS_incom/,f0bc2659a6f671813e88409bdb08531a
NS_Incom,ns_incom_inhom_2d_512-204.h5,https://darus.uni-stuttgart.de/api/access/datafile/133671,2D/NS_incom/,c109d2aa5cf0688c5f0565b03d1e3ce0
NS_Incom,ns_incom_inhom_2d_512-205.h5,https://darus.uni-stuttgart.de/api/access/datafile/133688,2D/NS_incom/,2fa87303d667e4d50935fe26f04437b4
NS_Incom,ns_incom_inhom_2d_512-206.h5,https://darus.uni-stuttgart.de/api/access/datafile/136441,2D/NS_incom/,28a557b57ffce43cb9de4cc48642fc05
NS_Incom,ns_incom_inhom_2d_512-207.h5,https://darus.uni-stuttgart.de/api/access/datafile/133282,2D/NS_incom/,01a63c9ad30ac4d140f86bb2fa929274
NS_Incom,ns_incom_inhom_2d_512-208.h5,https://darus.uni-stuttgart.de/api/access/datafile/133340,2D/NS_incom/,d2aa05820caf6a38be4711ef797d3bf4
NS_Incom,ns_incom_inhom_2d_512-209.h5,https://darus.uni-stuttgart.de/api/access/datafile/133333,2D/NS_incom/,9e17d624a2eea451f0956f9184ce63d8
NS_Incom,ns_incom_inhom_2d_512-210.h5,https://darus.uni-stuttgart.de/api/access/datafile/133703,2D/NS_incom/,fb5de2b943891ed1ec1bbb682520bc78
NS_Incom,ns_incom_inhom_2d_512-211.h5,https://darus.uni-stuttgart.de/api/access/datafile/133286,2D/NS_incom/,24f8fe56ffe24baaa03f6bf12762ef95
NS_Incom,ns_incom_inhom_2d_512-212.h5,https://darus.uni-stuttgart.de/api/access/datafile/133284,2D/NS_incom/,8e4561fe4ae69d62000df136f980fae3
NS_Incom,ns_incom_inhom_2d_512-213.h5,https://darus.uni-stuttgart.de/api/access/datafile/133285,2D/NS_incom/,d1101482e0d766334b92c4d0e11d73f3
NS_Incom,ns_incom_inhom_2d_512-214.h5,https://darus.uni-stuttgart.de/api/access/datafile/133337,2D/NS_incom/,d1101482e0d766334b92c4d0e11d73f3
NS_Incom,ns_incom_inhom_2d_512-215.h5,https://darus.uni-stuttgart.de/api/access/datafile/133287,2D/NS_incom/,f615b96dd71864673bba274240acfb12
NS_Incom,ns_incom_inhom_2d_512-216.h5,https://darus.uni-stuttgart.de/api/access/datafile/133288,2D/NS_incom/,892986d49b49b431f3f172d7baa9977b
NS_Incom,ns_incom_inhom_2d_512-217.h5,https://darus.uni-stuttgart.de/api/access/datafile/133338,2D/NS_incom/,a471e758505de149dba27c9fa2d29198
NS_Incom,ns_incom_inhom_2d_512-218.h5,https://darus.uni-stuttgart.de/api/access/datafile/133339,2D/NS_incom/,f615b96dd71864673bba274240acfb12
NS_Incom,ns_incom_inhom_2d_512-219.h5,https://darus.uni-stuttgart.de/api/access/datafile/133341,2D/NS_incom/,1965889c070e802965ebe19b01cdf2db
NS_Incom,ns_incom_inhom_2d_512-220.h5,https://darus.uni-stuttgart.de/api/access/datafile/133343,2D/NS_incom/,588ce18cf51ca3517527f3dd0b0ee443
NS_Incom,ns_incom_inhom_2d_512-221.h5,https://darus.uni-stuttgart.de/api/access/datafile/133345,2D/NS_incom/,e57ad44f1ae4fa9f31ddff57578507ce
NS_Incom,ns_incom_inhom_2d_512-222.h5,https://darus.uni-stuttgart.de/api/access/datafile/133347,2D/NS_incom/,892986d49b49b431f3f172d7baa9977b
NS_Incom,ns_incom_inhom_2d_512-223.h5,https://darus.uni-stuttgart.de/api/access/datafile/133369,2D/NS_incom/,9da97766e3b311af6d79a946f8db5184
NS_Incom,ns_incom_inhom_2d_512-224.h5,https://darus.uni-stuttgart.de/api/access/datafile/133370,2D/NS_incom/,44a864a879590427273a3dbf1aa2c190
NS_Incom,ns_incom_inhom_2d_512-225.h5,https://darus.uni-stuttgart.de/api/access/datafile/133372,2D/NS_incom/,8e4561fe4ae69d62000df136f980fae3
NS_Incom,ns_incom_inhom_2d_512-226.h5,https://darus.uni-stuttgart.de/api/access/datafile/133373,2D/NS_incom/,adf37d1dd066c2dc8fb3886369b5434f
NS_Incom,ns_incom_inhom_2d_512-227.h5,https://darus.uni-stuttgart.de/api/access/datafile/136442,2D/NS_incom/,de46866be488bb59d0d1c8ddc13a4dcb
NS_Incom,ns_incom_inhom_2d_512-228.h5,https://darus.uni-stuttgart.de/api/access/datafile/133723,2D/NS_incom/,43975b57db7c922f94703d1c63fdaebe
NS_Incom,ns_incom_inhom_2d_512-229.h5,https://darus.uni-stuttgart.de/api/access/datafile/136443,2D/NS_incom/,805f1a7336301b2bcc4a9f0fcce43864
NS_Incom,ns_incom_inhom_2d_512-230.h5,https://darus.uni-stuttgart.de/api/access/datafile/136445,2D/NS_incom/,e43acdfb560a45181111256e4ce45cc1
NS_Incom,ns_incom_inhom_2d_512-231.h5,https://darus.uni-stuttgart.de/api/access/datafile/133613,2D/NS_incom/,f56497f0ba427fdf9e215c885c6c1d3a
NS_Incom,ns_incom_inhom_2d_512-232.h5,https://darus.uni-stuttgart.de/api/access/datafile/133692,2D/NS_incom/,599ff6b1ea10572a829a13e5fc9c2523
NS_Incom,ns_incom_inhom_2d_512-233.h5,https://darus.uni-stuttgart.de/api/access/datafile/133614,2D/NS_incom/,b0cbda1f7435ccbe04bc6a09840624df
NS_Incom,ns_incom_inhom_2d_512-234.h5,https://darus.uni-stuttgart.de/api/access/datafile/133700,2D/NS_incom/,6331197878327890af4da21d5c4065bf
NS_Incom,ns_incom_inhom_2d_512-235.h5,https://darus.uni-stuttgart.de/api/access/datafile/133693,2D/NS_incom/,dd937dace08671e5b61a8f960d845561
NS_Incom,ns_incom_inhom_2d_512-236.h5,https://darus.uni-stuttgart.de/api/access/datafile/133615,2D/NS_incom/,07a4596a86c3099cf7f6e7e5c47b71b6
NS_Incom,ns_incom_inhom_2d_512-237.h5,https://darus.uni-stuttgart.de/api/access/datafile/133616,2D/NS_incom/,4c977f28e59fd8cc877f6d95d96011e5
NS_Incom,ns_incom_inhom_2d_512-238.h5,https://darus.uni-stuttgart.de/api/access/datafile/133695,2D/NS_incom/,9d3bad375edf84cd86a648caca49b6b5
NS_Incom,ns_incom_inhom_2d_512-239.h5,https://darus.uni-stuttgart.de/api/access/datafile/136446,2D/NS_incom/,bae42dea9f17c4ca5ec33997e3eb966f
NS_Incom,ns_incom_inhom_2d_512-240.h5,https://darus.uni-stuttgart.de/api/access/datafile/133268,2D/NS_incom/,10b14e2a9eb6fcf5a88a7a5447481aa7
NS_Incom,ns_incom_inhom_2d_512-241.h5,https://darus.uni-stuttgart.de/api/access/datafile/136447,2D/NS_incom/,0aa745b2377c49379f91f7f000d8f23e
NS_Incom,ns_incom_inhom_2d_512-242.h5,https://darus.uni-stuttgart.de/api/access/datafile/136448,2D/NS_incom/,79033da1fbd3167b560769c8292c15f4
NS_Incom,ns_incom_inhom_2d_512-243.h5,https://darus.uni-stuttgart.de/api/access/datafile/136450,2D/NS_incom/,896aa796fbf2052da573c30694744794
NS_Incom,ns_incom_inhom_2d_512-244.h5,https://darus.uni-stuttgart.de/api/access/datafile/136451,2D/NS_incom/,3063dee5e25740331b4c606939c3960e
NS_Incom,ns_incom_inhom_2d_512-245.h5,https://darus.uni-stuttgart.de/api/access/datafile/136457,2D/NS_incom/,daf18bcc864d5db453f7321de3c199bf
NS_Incom,ns_incom_inhom_2d_512-246.h5,https://darus.uni-stuttgart.de/api/access/datafile/136458,2D/NS_incom/,8f97135545fdea8eb504c6f76878b77c
NS_Incom,ns_incom_inhom_2d_512-247.h5,https://darus.uni-stuttgart.de/api/access/datafile/136459,2D/NS_incom/,2e1f4cf38135b2f07a72462e0f995c2d
NS_Incom,ns_incom_inhom_2d_512-248.h5,https://darus.uni-stuttgart.de/api/access/datafile/136460,2D/NS_incom/,edaec61956c5af7be9f8996b8498c8fd
NS_Incom,ns_incom_inhom_2d_512-249.h5,https://darus.uni-stuttgart.de/api/access/datafile/136461,2D/NS_incom/,b05738fc7cdf18fecca88361ba58875f